filename,class_label
C:\Users\206255\Desktop\Saugata Paul\Classification-pipeline-for-transfer-learning\data/dog/dog2451.jpg,dog
C:\Users\206255\Desktop\Saugata Paul\Classification-pipeline-for-transfer-learning\data/dog/dog2452.jpg,dog
C:\Users\206255\Desktop\Saugata Paul\Classification-pipeline-for-transfer-learning\data/dog/dog2453.jpg,dog
C:\Users\206255\Desktop\Saugata Paul\Classification-pipeline-for-transfer-learning\data/dog/dog2454.jpg,dog
C:\Users\206255\Desktop\Saugata Paul\Classification-pipeline-for-transfer-learning\data/dog/dog2455.jpg,dog
C:\Users\206255\Desktop\Saugata Paul\Classification-pipeline-for-transfer-learning\data/dog/dog2456.jpg,dog
C:\Users\206255\Desktop\Saugata Paul\Classification-pipeline-for-transfer-learning\data/dog/dog2457.jpg,dog
C:\Users\206255\Desktop\Saugata Paul\Classification-pipeline-for-transfer-learning\data/dog/dog2458.jpg,dog
C:\Users\206255\Desktop\Saugata Paul\Classification-pipeline-for-transfer-learning\data/dog/dog2459.jpg,dog
C:\Users\206255\Desktop\Saugata Paul\Classification-pipeline-for-transfer-learning\data/dog/dog2460.jpg,dog
C:\Users\206255\Desktop\Saugata Paul\Classification-pipeline-for-transfer-learning\data/dog/dog2461.jpg,dog
C:\Users\206255\Desktop\Saugata Paul\Classification-pipeline-for-transfer-learning\data/dog/dog2462.jpg,dog
C:\Users\206255\Desktop\Saugata Paul\Classification-pipeline-for-transfer-learning\data/dog/dog2463.jpg,dog
C:\Users\206255\Desktop\Saugata Paul\Classification-pipeline-for-transfer-learning\data/dog/dog2464.jpg,dog
C:\Users\206255\Desktop\Saugata Paul\Classification-pipeline-for-transfer-learning\data/dog/dog2465.jpg,dog
C:\Users\206255\Desktop\Saugata Paul\Classification-pipeline-for-transfer-learning\data/dog/dog2466.jpg,dog
C:\Users\206255\Desktop\Saugata Paul\Classification-pipeline-for-transfer-learning\data/dog/dog2467.jpg,dog
C:\Users\206255\Desktop\Saugata Paul\Classification-pipeline-for-transfer-learning\data/dog/dog2468.jpg,dog
C:\Users\206255\Desktop\Saugata Paul\Classification-pipeline-for-transfer-learning\data/dog/dog2469.jpg,dog
C:\Users\206255\Desktop\Saugata Paul\Classification-pipeline-for-transfer-learning\data/dog/dog2470.jpg,dog
C:\Users\206255\Desktop\Saugata Paul\Classification-pipeline-for-transfer-learning\data/dog/dog2471.jpg,dog
C:\Users\206255\Desktop\Saugata Paul\Classification-pipeline-for-transfer-learning\data/dog/dog2472.jpg,dog
C:\Users\206255\Desktop\Saugata Paul\Classification-pipeline-for-transfer-learning\data/dog/dog2473.jpg,dog
C:\Users\206255\Desktop\Saugata Paul\Classification-pipeline-for-transfer-learning\data/dog/dog2474.jpg,dog
C:\Users\206255\Desktop\Saugata Paul\Classification-pipeline-for-transfer-learning\data/dog/dog2475.jpg,dog
C:\Users\206255\Desktop\Saugata Paul\Classification-pipeline-for-transfer-learning\data/dog/dog2476.jpg,dog
C:\Users\206255\Desktop\Saugata Paul\Classification-pipeline-for-transfer-learning\data/dog/dog2477.jpg,dog
C:\Users\206255\Desktop\Saugata Paul\Classification-pipeline-for-transfer-learning\data/dog/dog2478.jpg,dog
C:\Users\206255\Desktop\Saugata Paul\Classification-pipeline-for-transfer-learning\data/dog/dog2479.jpg,dog
C:\Users\206255\Desktop\Saugata Paul\Classification-pipeline-for-transfer-learning\data/dog/dog2480.jpg,dog
C:\Users\206255\Desktop\Saugata Paul\Classification-pipeline-for-transfer-learning\data/dog/dog2481.jpg,dog
C:\Users\206255\Desktop\Saugata Paul\Classification-pipeline-for-transfer-learning\data/dog/dog2482.jpg,dog
C:\Users\206255\Desktop\Saugata Paul\Classification-pipeline-for-transfer-learning\data/dog/dog2483.jpg,dog
C:\Users\206255\Desktop\Saugata Paul\Classification-pipeline-for-transfer-learning\data/dog/dog2484.jpg,dog
C:\Users\206255\Desktop\Saugata Paul\Classification-pipeline-for-transfer-learning\data/dog/dog2485.jpg,dog
C:\Users\206255\Desktop\Saugata Paul\Classification-pipeline-for-transfer-learning\data/dog/dog2486.jpg,dog
C:\Users\206255\Desktop\Saugata Paul\Classification-pipeline-for-transfer-learning\data/dog/dog2487.jpg,dog
C:\Users\206255\Desktop\Saugata Paul\Classification-pipeline-for-transfer-learning\data/dog/dog2488.jpg,dog
C:\Users\206255\Desktop\Saugata Paul\Classification-pipeline-for-transfer-learning\data/dog/dog2489.jpg,dog
C:\Users\206255\Desktop\Saugata Paul\Classification-pipeline-for-transfer-learning\data/dog/dog2490.jpg,dog
C:\Users\206255\Desktop\Saugata Paul\Classification-pipeline-for-transfer-learning\data/dog/dog2491.jpg,dog
C:\Users\206255\Desktop\Saugata Paul\Classification-pipeline-for-transfer-learning\data/dog/dog2492.jpg,dog
C:\Users\206255\Desktop\Saugata Paul\Classification-pipeline-for-transfer-learning\data/dog/dog2493.jpg,dog
C:\Users\206255\Desktop\Saugata Paul\Classification-pipeline-for-transfer-learning\data/dog/dog2494.jpg,dog
C:\Users\206255\Desktop\Saugata Paul\Classification-pipeline-for-transfer-learning\data/dog/dog2495.jpg,dog
C:\Users\206255\Desktop\Saugata Paul\Classification-pipeline-for-transfer-learning\data/dog/dog2496.jpg,dog
C:\Users\206255\Desktop\Saugata Paul\Classification-pipeline-for-transfer-learning\data/dog/dog2497.jpg,dog
C:\Users\206255\Desktop\Saugata Paul\Classification-pipeline-for-transfer-learning\data/dog/dog2498.jpg,dog
C:\Users\206255\Desktop\Saugata Paul\Classification-pipeline-for-transfer-learning\data/dog/dog2499.jpg,dog
C:\Users\206255\Desktop\Saugata Paul\Classification-pipeline-for-transfer-learning\data/dog/dog2500.jpg,dog
C:\Users\206255\Desktop\Saugata Paul\Classification-pipeline-for-transfer-learning\data/dog/dog2501.jpg,dog
C:\Users\206255\Desktop\Saugata Paul\Classification-pipeline-for-transfer-learning\data/dog/dog2502.jpg,dog
C:\Users\206255\Desktop\Saugata Paul\Classification-pipeline-for-transfer-learning\data/dog/dog2503.jpg,dog
C:\Users\206255\Desktop\Saugata Paul\Classification-pipeline-for-transfer-learning\data/dog/dog2504.jpg,dog
C:\Users\206255\Desktop\Saugata Paul\Classification-pipeline-for-transfer-learning\data/dog/dog2505.jpg,dog
C:\Users\206255\Desktop\Saugata Paul\Classification-pipeline-for-transfer-learning\data/dog/dog2506.jpg,dog
C:\Users\206255\Desktop\Saugata Paul\Classification-pipeline-for-transfer-learning\data/dog/dog2507.jpg,dog
C:\Users\206255\Desktop\Saugata Paul\Classification-pipeline-for-transfer-learning\data/dog/dog2508.jpg,dog
C:\Users\206255\Desktop\Saugata Paul\Classification-pipeline-for-transfer-learning\data/dog/dog2509.jpg,dog
C:\Users\206255\Desktop\Saugata Paul\Classification-pipeline-for-transfer-learning\data/dog/dog2510.jpg,dog
C:\Users\206255\Desktop\Saugata Paul\Classification-pipeline-for-transfer-learning\data/dog/dog2511.jpg,dog
C:\Users\206255\Desktop\Saugata Paul\Classification-pipeline-for-transfer-learning\data/dog/dog2512.jpg,dog
C:\Users\206255\Desktop\Saugata Paul\Classification-pipeline-for-transfer-learning\data/dog/dog2513.jpg,dog
C:\Users\206255\Desktop\Saugata Paul\Classification-pipeline-for-transfer-learning\data/dog/dog2514.jpg,dog
C:\Users\206255\Desktop\Saugata Paul\Classification-pipeline-for-transfer-learning\data/dog/dog2515.jpg,dog
C:\Users\206255\Desktop\Saugata Paul\Classification-pipeline-for-transfer-learning\data/dog/dog2516.jpg,dog
C:\Users\206255\Desktop\Saugata Paul\Classification-pipeline-for-transfer-learning\data/dog/dog2517.jpg,dog
C:\Users\206255\Desktop\Saugata Paul\Classification-pipeline-for-transfer-learning\data/dog/dog2518.jpg,dog
C:\Users\206255\Desktop\Saugata Paul\Classification-pipeline-for-transfer-learning\data/dog/dog2519.jpg,dog
C:\Users\206255\Desktop\Saugata Paul\Classification-pipeline-for-transfer-learning\data/dog/dog2520.jpg,dog
C:\Users\206255\Desktop\Saugata Paul\Classification-pipeline-for-transfer-learning\data/dog/dog2521.jpg,dog
C:\Users\206255\Desktop\Saugata Paul\Classification-pipeline-for-transfer-learning\data/dog/dog2522.jpg,dog
C:\Users\206255\Desktop\Saugata Paul\Classification-pipeline-for-transfer-learning\data/dog/dog2523.jpg,dog
C:\Users\206255\Desktop\Saugata Paul\Classification-pipeline-for-transfer-learning\data/dog/dog2524.jpg,dog
C:\Users\206255\Desktop\Saugata Paul\Classification-pipeline-for-transfer-learning\data/dog/dog2525.jpg,dog
C:\Users\206255\Desktop\Saugata Paul\Classification-pipeline-for-transfer-learning\data/dog/dog2526.jpg,dog
C:\Users\206255\Desktop\Saugata Paul\Classification-pipeline-for-transfer-learning\data/dog/dog2527.jpg,dog
C:\Users\206255\Desktop\Saugata Paul\Classification-pipeline-for-transfer-learning\data/dog/dog2528.jpg,dog
C:\Users\206255\Desktop\Saugata Paul\Classification-pipeline-for-transfer-learning\data/dog/dog2529.jpg,dog
C:\Users\206255\Desktop\Saugata Paul\Classification-pipeline-for-transfer-learning\data/dog/dog2530.jpg,dog
C:\Users\206255\Desktop\Saugata Paul\Classification-pipeline-for-transfer-learning\data/dog/dog2531.jpg,dog
C:\Users\206255\Desktop\Saugata Paul\Classification-pipeline-for-transfer-learning\data/dog/dog2532.jpg,dog
C:\Users\206255\Desktop\Saugata Paul\Classification-pipeline-for-transfer-learning\data/dog/dog2533.jpg,dog
C:\Users\206255\Desktop\Saugata Paul\Classification-pipeline-for-transfer-learning\data/dog/dog2534.jpg,dog
C:\Users\206255\Desktop\Saugata Paul\Classification-pipeline-for-transfer-learning\data/dog/dog2535.jpg,dog
C:\Users\206255\Desktop\Saugata Paul\Classification-pipeline-for-transfer-learning\data/dog/dog2536.jpg,dog
C:\Users\206255\Desktop\Saugata Paul\Classification-pipeline-for-transfer-learning\data/dog/dog2537.jpg,dog
C:\Users\206255\Desktop\Saugata Paul\Classification-pipeline-for-transfer-learning\data/dog/dog2538.jpg,dog
C:\Users\206255\Desktop\Saugata Paul\Classification-pipeline-for-transfer-learning\data/dog/dog2539.jpg,dog
C:\Users\206255\Desktop\Saugata Paul\Classification-pipeline-for-transfer-learning\data/dog/dog2540.jpg,dog
C:\Users\206255\Desktop\Saugata Paul\Classification-pipeline-for-transfer-learning\data/dog/dog2541.jpg,dog
C:\Users\206255\Desktop\Saugata Paul\Classification-pipeline-for-transfer-learning\data/dog/dog2542.jpg,dog
C:\Users\206255\Desktop\Saugata Paul\Classification-pipeline-for-transfer-learning\data/dog/dog2543.jpg,dog
C:\Users\206255\Desktop\Saugata Paul\Classification-pipeline-for-transfer-learning\data/dog/dog2544.jpg,dog
C:\Users\206255\Desktop\Saugata Paul\Classification-pipeline-for-transfer-learning\data/dog/dog2545.jpg,dog
C:\Users\206255\Desktop\Saugata Paul\Classification-pipeline-for-transfer-learning\data/dog/dog2546.jpg,dog
C:\Users\206255\Desktop\Saugata Paul\Classification-pipeline-for-transfer-learning\data/dog/dog2547.jpg,dog
C:\Users\206255\Desktop\Saugata Paul\Classification-pipeline-for-transfer-learning\data/dog/dog2548.jpg,dog
C:\Users\206255\Desktop\Saugata Paul\Classification-pipeline-for-transfer-learning\data/dog/dog2549.jpg,dog
C:\Users\206255\Desktop\Saugata Paul\Classification-pipeline-for-transfer-learning\data/dog/dog2550.jpg,dog
C:\Users\206255\Desktop\Saugata Paul\Classification-pipeline-for-transfer-learning\data/frog/frog2441.jpg,frog
C:\Users\206255\Desktop\Saugata Paul\Classification-pipeline-for-transfer-learning\data/frog/frog2442.jpg,frog
C:\Users\206255\Desktop\Saugata Paul\Classification-pipeline-for-transfer-learning\data/frog/frog2443.jpg,frog
C:\Users\206255\Desktop\Saugata Paul\Classification-pipeline-for-transfer-learning\data/frog/frog2444.jpg,frog
C:\Users\206255\Desktop\Saugata Paul\Classification-pipeline-for-transfer-learning\data/frog/frog2445.jpg,frog
C:\Users\206255\Desktop\Saugata Paul\Classification-pipeline-for-transfer-learning\data/frog/frog2446.jpg,frog
C:\Users\206255\Desktop\Saugata Paul\Classification-pipeline-for-transfer-learning\data/frog/frog2447.jpg,frog
C:\Users\206255\Desktop\Saugata Paul\Classification-pipeline-for-transfer-learning\data/frog/frog2448.jpg,frog
C:\Users\206255\Desktop\Saugata Paul\Classification-pipeline-for-transfer-learning\data/frog/frog2449.jpg,frog
C:\Users\206255\Desktop\Saugata Paul\Classification-pipeline-for-transfer-learning\data/frog/frog2450.jpg,frog
C:\Users\206255\Desktop\Saugata Paul\Classification-pipeline-for-transfer-learning\data/frog/frog2451.jpg,frog
C:\Users\206255\Desktop\Saugata Paul\Classification-pipeline-for-transfer-learning\data/frog/frog2452.jpg,frog
C:\Users\206255\Desktop\Saugata Paul\Classification-pipeline-for-transfer-learning\data/frog/frog2453.jpg,frog
C:\Users\206255\Desktop\Saugata Paul\Classification-pipeline-for-transfer-learning\data/frog/frog2454.jpg,frog
C:\Users\206255\Desktop\Saugata Paul\Classification-pipeline-for-transfer-learning\data/frog/frog2455.jpg,frog
C:\Users\206255\Desktop\Saugata Paul\Classification-pipeline-for-transfer-learning\data/frog/frog2456.jpg,frog
C:\Users\206255\Desktop\Saugata Paul\Classification-pipeline-for-transfer-learning\data/frog/frog2457.jpg,frog
C:\Users\206255\Desktop\Saugata Paul\Classification-pipeline-for-transfer-learning\data/frog/frog2458.jpg,frog
C:\Users\206255\Desktop\Saugata Paul\Classification-pipeline-for-transfer-learning\data/frog/frog2459.jpg,frog
C:\Users\206255\Desktop\Saugata Paul\Classification-pipeline-for-transfer-learning\data/frog/frog2460.jpg,frog
C:\Users\206255\Desktop\Saugata Paul\Classification-pipeline-for-transfer-learning\data/frog/frog2461.jpg,frog
C:\Users\206255\Desktop\Saugata Paul\Classification-pipeline-for-transfer-learning\data/frog/frog2462.jpg,frog
C:\Users\206255\Desktop\Saugata Paul\Classification-pipeline-for-transfer-learning\data/frog/frog2463.jpg,frog
C:\Users\206255\Desktop\Saugata Paul\Classification-pipeline-for-transfer-learning\data/frog/frog2464.jpg,frog
C:\Users\206255\Desktop\Saugata Paul\Classification-pipeline-for-transfer-learning\data/frog/frog2465.jpg,frog
C:\Users\206255\Desktop\Saugata Paul\Classification-pipeline-for-transfer-learning\data/frog/frog2466.jpg,frog
C:\Users\206255\Desktop\Saugata Paul\Classification-pipeline-for-transfer-learning\data/frog/frog2467.jpg,frog
C:\Users\206255\Desktop\Saugata Paul\Classification-pipeline-for-transfer-learning\data/frog/frog2468.jpg,frog
C:\Users\206255\Desktop\Saugata Paul\Classification-pipeline-for-transfer-learning\data/frog/frog2469.jpg,frog
C:\Users\206255\Desktop\Saugata Paul\Classification-pipeline-for-transfer-learning\data/frog/frog2470.jpg,frog
C:\Users\206255\Desktop\Saugata Paul\Classification-pipeline-for-transfer-learning\data/frog/frog2471.jpg,frog
C:\Users\206255\Desktop\Saugata Paul\Classification-pipeline-for-transfer-learning\data/frog/frog2472.jpg,frog
C:\Users\206255\Desktop\Saugata Paul\Classification-pipeline-for-transfer-learning\data/frog/frog2473.jpg,frog
C:\Users\206255\Desktop\Saugata Paul\Classification-pipeline-for-transfer-learning\data/frog/frog2474.jpg,frog
C:\Users\206255\Desktop\Saugata Paul\Classification-pipeline-for-transfer-learning\data/frog/frog2475.jpg,frog
C:\Users\206255\Desktop\Saugata Paul\Classification-pipeline-for-transfer-learning\data/frog/frog2476.jpg,frog
C:\Users\206255\Desktop\Saugata Paul\Classification-pipeline-for-transfer-learning\data/frog/frog2477.jpg,frog
C:\Users\206255\Desktop\Saugata Paul\Classification-pipeline-for-transfer-learning\data/frog/frog2478.jpg,frog
C:\Users\206255\Desktop\Saugata Paul\Classification-pipeline-for-transfer-learning\data/frog/frog2479.jpg,frog
C:\Users\206255\Desktop\Saugata Paul\Classification-pipeline-for-transfer-learning\data/frog/frog2480.jpg,frog
C:\Users\206255\Desktop\Saugata Paul\Classification-pipeline-for-transfer-learning\data/frog/frog2481.jpg,frog
C:\Users\206255\Desktop\Saugata Paul\Classification-pipeline-for-transfer-learning\data/frog/frog2482.jpg,frog
C:\Users\206255\Desktop\Saugata Paul\Classification-pipeline-for-transfer-learning\data/frog/frog2483.jpg,frog
C:\Users\206255\Desktop\Saugata Paul\Classification-pipeline-for-transfer-learning\data/frog/frog2484.jpg,frog
C:\Users\206255\Desktop\Saugata Paul\Classification-pipeline-for-transfer-learning\data/frog/frog2485.jpg,frog
C:\Users\206255\Desktop\Saugata Paul\Classification-pipeline-for-transfer-learning\data/frog/frog2486.jpg,frog
C:\Users\206255\Desktop\Saugata Paul\Classification-pipeline-for-transfer-learning\data/frog/frog2487.jpg,frog
C:\Users\206255\Desktop\Saugata Paul\Classification-pipeline-for-transfer-learning\data/frog/frog2488.jpg,frog
C:\Users\206255\Desktop\Saugata Paul\Classification-pipeline-for-transfer-learning\data/frog/frog2489.jpg,frog
C:\Users\206255\Desktop\Saugata Paul\Classification-pipeline-for-transfer-learning\data/frog/frog2490.jpg,frog
C:\Users\206255\Desktop\Saugata Paul\Classification-pipeline-for-transfer-learning\data/frog/frog2501.jpg,frog
C:\Users\206255\Desktop\Saugata Paul\Classification-pipeline-for-transfer-learning\data/frog/frog2502.jpg,frog
C:\Users\206255\Desktop\Saugata Paul\Classification-pipeline-for-transfer-learning\data/frog/frog2503.jpg,frog
C:\Users\206255\Desktop\Saugata Paul\Classification-pipeline-for-transfer-learning\data/frog/frog2504.jpg,frog
C:\Users\206255\Desktop\Saugata Paul\Classification-pipeline-for-transfer-learning\data/frog/frog2505.jpg,frog
C:\Users\206255\Desktop\Saugata Paul\Classification-pipeline-for-transfer-learning\data/frog/frog2506.jpg,frog
C:\Users\206255\Desktop\Saugata Paul\Classification-pipeline-for-transfer-learning\data/frog/frog2507.jpg,frog
C:\Users\206255\Desktop\Saugata Paul\Classification-pipeline-for-transfer-learning\data/frog/frog2508.jpg,frog
C:\Users\206255\Desktop\Saugata Paul\Classification-pipeline-for-transfer-learning\data/frog/frog2509.jpg,frog
C:\Users\206255\Desktop\Saugata Paul\Classification-pipeline-for-transfer-learning\data/frog/frog2510.jpg,frog
C:\Users\206255\Desktop\Saugata Paul\Classification-pipeline-for-transfer-learning\data/frog/frog2511.jpg,frog
C:\Users\206255\Desktop\Saugata Paul\Classification-pipeline-for-transfer-learning\data/frog/frog2512.jpg,frog
C:\Users\206255\Desktop\Saugata Paul\Classification-pipeline-for-transfer-learning\data/frog/frog2513.jpg,frog
C:\Users\206255\Desktop\Saugata Paul\Classification-pipeline-for-transfer-learning\data/frog/frog2514.jpg,frog
C:\Users\206255\Desktop\Saugata Paul\Classification-pipeline-for-transfer-learning\data/frog/frog2515.jpg,frog
C:\Users\206255\Desktop\Saugata Paul\Classification-pipeline-for-transfer-learning\data/frog/frog2516.jpg,frog
C:\Users\206255\Desktop\Saugata Paul\Classification-pipeline-for-transfer-learning\data/frog/frog2517.jpg,frog
C:\Users\206255\Desktop\Saugata Paul\Classification-pipeline-for-transfer-learning\data/frog/frog2518.jpg,frog
C:\Users\206255\Desktop\Saugata Paul\Classification-pipeline-for-transfer-learning\data/frog/frog2519.jpg,frog
C:\Users\206255\Desktop\Saugata Paul\Classification-pipeline-for-transfer-learning\data/frog/frog2520.jpg,frog
C:\Users\206255\Desktop\Saugata Paul\Classification-pipeline-for-transfer-learning\data/frog/frog2521.jpg,frog
C:\Users\206255\Desktop\Saugata Paul\Classification-pipeline-for-transfer-learning\data/frog/frog2522.jpg,frog
C:\Users\206255\Desktop\Saugata Paul\Classification-pipeline-for-transfer-learning\data/frog/frog2523.jpg,frog
C:\Users\206255\Desktop\Saugata Paul\Classification-pipeline-for-transfer-learning\data/frog/frog2524.jpg,frog
C:\Users\206255\Desktop\Saugata Paul\Classification-pipeline-for-transfer-learning\data/frog/frog2525.jpg,frog
C:\Users\206255\Desktop\Saugata Paul\Classification-pipeline-for-transfer-learning\data/frog/frog2526.jpg,frog
C:\Users\206255\Desktop\Saugata Paul\Classification-pipeline-for-transfer-learning\data/frog/frog2527.jpg,frog
C:\Users\206255\Desktop\Saugata Paul\Classification-pipeline-for-transfer-learning\data/frog/frog2528.jpg,frog
C:\Users\206255\Desktop\Saugata Paul\Classification-pipeline-for-transfer-learning\data/frog/frog2529.jpg,frog
C:\Users\206255\Desktop\Saugata Paul\Classification-pipeline-for-transfer-learning\data/frog/frog2530.jpg,frog
C:\Users\206255\Desktop\Saugata Paul\Classification-pipeline-for-transfer-learning\data/frog/frog2531.jpg,frog
C:\Users\206255\Desktop\Saugata Paul\Classification-pipeline-for-transfer-learning\data/frog/frog2532.jpg,frog
C:\Users\206255\Desktop\Saugata Paul\Classification-pipeline-for-transfer-learning\data/frog/frog2533.jpg,frog
C:\Users\206255\Desktop\Saugata Paul\Classification-pipeline-for-transfer-learning\data/frog/frog2534.jpg,frog
C:\Users\206255\Desktop\Saugata Paul\Classification-pipeline-for-transfer-learning\data/frog/frog2535.jpg,frog
C:\Users\206255\Desktop\Saugata Paul\Classification-pipeline-for-transfer-learning\data/frog/frog2536.jpg,frog
C:\Users\206255\Desktop\Saugata Paul\Classification-pipeline-for-transfer-learning\data/frog/frog2537.jpg,frog
C:\Users\206255\Desktop\Saugata Paul\Classification-pipeline-for-transfer-learning\data/frog/frog2538.jpg,frog
C:\Users\206255\Desktop\Saugata Paul\Classification-pipeline-for-transfer-learning\data/frog/frog2539.jpg,frog
C:\Users\206255\Desktop\Saugata Paul\Classification-pipeline-for-transfer-learning\data/frog/frog2540.jpg,frog
C:\Users\206255\Desktop\Saugata Paul\Classification-pipeline-for-transfer-learning\data/frog/frog2541.jpg,frog
C:\Users\206255\Desktop\Saugata Paul\Classification-pipeline-for-transfer-learning\data/frog/frog2542.jpg,frog
C:\Users\206255\Desktop\Saugata Paul\Classification-pipeline-for-transfer-learning\data/frog/frog2543.jpg,frog
C:\Users\206255\Desktop\Saugata Paul\Classification-pipeline-for-transfer-learning\data/frog/frog2544.jpg,frog
C:\Users\206255\Desktop\Saugata Paul\Classification-pipeline-for-transfer-learning\data/frog/frog2545.jpg,frog
C:\Users\206255\Desktop\Saugata Paul\Classification-pipeline-for-transfer-learning\data/frog/frog2546.jpg,frog
C:\Users\206255\Desktop\Saugata Paul\Classification-pipeline-for-transfer-learning\data/frog/frog2547.jpg,frog
C:\Users\206255\Desktop\Saugata Paul\Classification-pipeline-for-transfer-learning\data/frog/frog2548.jpg,frog
C:\Users\206255\Desktop\Saugata Paul\Classification-pipeline-for-transfer-learning\data/frog/frog2549.jpg,frog
C:\Users\206255\Desktop\Saugata Paul\Classification-pipeline-for-transfer-learning\data/frog/frog2550.jpg,frog
C:\Users\206255\Desktop\Saugata Paul\Classification-pipeline-for-transfer-learning\data/giraffe/giraffe2451.jpg,giraffe
C:\Users\206255\Desktop\Saugata Paul\Classification-pipeline-for-transfer-learning\data/giraffe/giraffe2452.jpg,giraffe
C:\Users\206255\Desktop\Saugata Paul\Classification-pipeline-for-transfer-learning\data/giraffe/giraffe2453.jpg,giraffe
C:\Users\206255\Desktop\Saugata Paul\Classification-pipeline-for-transfer-learning\data/giraffe/giraffe2454.jpg,giraffe
C:\Users\206255\Desktop\Saugata Paul\Classification-pipeline-for-transfer-learning\data/giraffe/giraffe2455.jpg,giraffe
C:\Users\206255\Desktop\Saugata Paul\Classification-pipeline-for-transfer-learning\data/giraffe/giraffe2456.jpg,giraffe
C:\Users\206255\Desktop\Saugata Paul\Classification-pipeline-for-transfer-learning\data/giraffe/giraffe2457.jpg,giraffe
C:\Users\206255\Desktop\Saugata Paul\Classification-pipeline-for-transfer-learning\data/giraffe/giraffe2458.jpg,giraffe
C:\Users\206255\Desktop\Saugata Paul\Classification-pipeline-for-transfer-learning\data/giraffe/giraffe2459.jpg,giraffe
C:\Users\206255\Desktop\Saugata Paul\Classification-pipeline-for-transfer-learning\data/giraffe/giraffe2460.jpg,giraffe
C:\Users\206255\Desktop\Saugata Paul\Classification-pipeline-for-transfer-learning\data/giraffe/giraffe2461.jpg,giraffe
C:\Users\206255\Desktop\Saugata Paul\Classification-pipeline-for-transfer-learning\data/giraffe/giraffe2462.jpg,giraffe
C:\Users\206255\Desktop\Saugata Paul\Classification-pipeline-for-transfer-learning\data/giraffe/giraffe2463.jpg,giraffe
C:\Users\206255\Desktop\Saugata Paul\Classification-pipeline-for-transfer-learning\data/giraffe/giraffe2464.jpg,giraffe
C:\Users\206255\Desktop\Saugata Paul\Classification-pipeline-for-transfer-learning\data/giraffe/giraffe2465.jpg,giraffe
C:\Users\206255\Desktop\Saugata Paul\Classification-pipeline-for-transfer-learning\data/giraffe/giraffe2466.jpg,giraffe
C:\Users\206255\Desktop\Saugata Paul\Classification-pipeline-for-transfer-learning\data/giraffe/giraffe2467.jpg,giraffe
C:\Users\206255\Desktop\Saugata Paul\Classification-pipeline-for-transfer-learning\data/giraffe/giraffe2468.jpg,giraffe
C:\Users\206255\Desktop\Saugata Paul\Classification-pipeline-for-transfer-learning\data/giraffe/giraffe2469.jpg,giraffe
C:\Users\206255\Desktop\Saugata Paul\Classification-pipeline-for-transfer-learning\data/giraffe/giraffe2470.jpg,giraffe
C:\Users\206255\Desktop\Saugata Paul\Classification-pipeline-for-transfer-learning\data/giraffe/giraffe2471.jpg,giraffe
C:\Users\206255\Desktop\Saugata Paul\Classification-pipeline-for-transfer-learning\data/giraffe/giraffe2472.jpg,giraffe
C:\Users\206255\Desktop\Saugata Paul\Classification-pipeline-for-transfer-learning\data/giraffe/giraffe2473.jpg,giraffe
C:\Users\206255\Desktop\Saugata Paul\Classification-pipeline-for-transfer-learning\data/giraffe/giraffe2474.jpg,giraffe
C:\Users\206255\Desktop\Saugata Paul\Classification-pipeline-for-transfer-learning\data/giraffe/giraffe2475.jpg,giraffe
C:\Users\206255\Desktop\Saugata Paul\Classification-pipeline-for-transfer-learning\data/giraffe/giraffe2476.jpg,giraffe
C:\Users\206255\Desktop\Saugata Paul\Classification-pipeline-for-transfer-learning\data/giraffe/giraffe2477.jpg,giraffe
C:\Users\206255\Desktop\Saugata Paul\Classification-pipeline-for-transfer-learning\data/giraffe/giraffe2478.jpg,giraffe
C:\Users\206255\Desktop\Saugata Paul\Classification-pipeline-for-transfer-learning\data/giraffe/giraffe2479.jpg,giraffe
C:\Users\206255\Desktop\Saugata Paul\Classification-pipeline-for-transfer-learning\data/giraffe/giraffe2480.jpg,giraffe
C:\Users\206255\Desktop\Saugata Paul\Classification-pipeline-for-transfer-learning\data/giraffe/giraffe2481.jpg,giraffe
C:\Users\206255\Desktop\Saugata Paul\Classification-pipeline-for-transfer-learning\data/giraffe/giraffe2482.jpg,giraffe
C:\Users\206255\Desktop\Saugata Paul\Classification-pipeline-for-transfer-learning\data/giraffe/giraffe2483.jpg,giraffe
C:\Users\206255\Desktop\Saugata Paul\Classification-pipeline-for-transfer-learning\data/giraffe/giraffe2484.jpg,giraffe
C:\Users\206255\Desktop\Saugata Paul\Classification-pipeline-for-transfer-learning\data/giraffe/giraffe2485.jpg,giraffe
C:\Users\206255\Desktop\Saugata Paul\Classification-pipeline-for-transfer-learning\data/giraffe/giraffe2486.jpg,giraffe
C:\Users\206255\Desktop\Saugata Paul\Classification-pipeline-for-transfer-learning\data/giraffe/giraffe2487.jpg,giraffe
C:\Users\206255\Desktop\Saugata Paul\Classification-pipeline-for-transfer-learning\data/giraffe/giraffe2488.jpg,giraffe
C:\Users\206255\Desktop\Saugata Paul\Classification-pipeline-for-transfer-learning\data/giraffe/giraffe2489.jpg,giraffe
C:\Users\206255\Desktop\Saugata Paul\Classification-pipeline-for-transfer-learning\data/giraffe/giraffe2490.jpg,giraffe
C:\Users\206255\Desktop\Saugata Paul\Classification-pipeline-for-transfer-learning\data/giraffe/giraffe2491.jpg,giraffe
C:\Users\206255\Desktop\Saugata Paul\Classification-pipeline-for-transfer-learning\data/giraffe/giraffe2492.jpg,giraffe
C:\Users\206255\Desktop\Saugata Paul\Classification-pipeline-for-transfer-learning\data/giraffe/giraffe2493.jpg,giraffe
C:\Users\206255\Desktop\Saugata Paul\Classification-pipeline-for-transfer-learning\data/giraffe/giraffe2494.jpg,giraffe
C:\Users\206255\Desktop\Saugata Paul\Classification-pipeline-for-transfer-learning\data/giraffe/giraffe2495.jpg,giraffe
C:\Users\206255\Desktop\Saugata Paul\Classification-pipeline-for-transfer-learning\data/giraffe/giraffe2496.jpg,giraffe
C:\Users\206255\Desktop\Saugata Paul\Classification-pipeline-for-transfer-learning\data/giraffe/giraffe2497.jpg,giraffe
C:\Users\206255\Desktop\Saugata Paul\Classification-pipeline-for-transfer-learning\data/giraffe/giraffe2498.jpg,giraffe
C:\Users\206255\Desktop\Saugata Paul\Classification-pipeline-for-transfer-learning\data/giraffe/giraffe2499.jpg,giraffe
C:\Users\206255\Desktop\Saugata Paul\Classification-pipeline-for-transfer-learning\data/giraffe/giraffe2500.jpg,giraffe
C:\Users\206255\Desktop\Saugata Paul\Classification-pipeline-for-transfer-learning\data/giraffe/giraffe2501.jpg,giraffe
C:\Users\206255\Desktop\Saugata Paul\Classification-pipeline-for-transfer-learning\data/giraffe/giraffe2502.jpg,giraffe
C:\Users\206255\Desktop\Saugata Paul\Classification-pipeline-for-transfer-learning\data/giraffe/giraffe2503.jpg,giraffe
C:\Users\206255\Desktop\Saugata Paul\Classification-pipeline-for-transfer-learning\data/giraffe/giraffe2504.jpg,giraffe
C:\Users\206255\Desktop\Saugata Paul\Classification-pipeline-for-transfer-learning\data/giraffe/giraffe2505.jpg,giraffe
C:\Users\206255\Desktop\Saugata Paul\Classification-pipeline-for-transfer-learning\data/giraffe/giraffe2506.jpg,giraffe
C:\Users\206255\Desktop\Saugata Paul\Classification-pipeline-for-transfer-learning\data/giraffe/giraffe2507.jpg,giraffe
C:\Users\206255\Desktop\Saugata Paul\Classification-pipeline-for-transfer-learning\data/giraffe/giraffe2508.jpg,giraffe
C:\Users\206255\Desktop\Saugata Paul\Classification-pipeline-for-transfer-learning\data/giraffe/giraffe2509.jpg,giraffe
C:\Users\206255\Desktop\Saugata Paul\Classification-pipeline-for-transfer-learning\data/giraffe/giraffe2510.jpg,giraffe
C:\Users\206255\Desktop\Saugata Paul\Classification-pipeline-for-transfer-learning\data/giraffe/giraffe2511.jpg,giraffe
C:\Users\206255\Desktop\Saugata Paul\Classification-pipeline-for-transfer-learning\data/giraffe/giraffe2512.jpg,giraffe
C:\Users\206255\Desktop\Saugata Paul\Classification-pipeline-for-transfer-learning\data/giraffe/giraffe2513.jpg,giraffe
C:\Users\206255\Desktop\Saugata Paul\Classification-pipeline-for-transfer-learning\data/giraffe/giraffe2514.jpg,giraffe
C:\Users\206255\Desktop\Saugata Paul\Classification-pipeline-for-transfer-learning\data/giraffe/giraffe2515.jpg,giraffe
C:\Users\206255\Desktop\Saugata Paul\Classification-pipeline-for-transfer-learning\data/giraffe/giraffe2516.jpg,giraffe
C:\Users\206255\Desktop\Saugata Paul\Classification-pipeline-for-transfer-learning\data/giraffe/giraffe2517.jpg,giraffe
C:\Users\206255\Desktop\Saugata Paul\Classification-pipeline-for-transfer-learning\data/giraffe/giraffe2518.jpg,giraffe
C:\Users\206255\Desktop\Saugata Paul\Classification-pipeline-for-transfer-learning\data/giraffe/giraffe2519.jpg,giraffe
C:\Users\206255\Desktop\Saugata Paul\Classification-pipeline-for-transfer-learning\data/giraffe/giraffe2520.jpg,giraffe
C:\Users\206255\Desktop\Saugata Paul\Classification-pipeline-for-transfer-learning\data/giraffe/giraffe2521.jpg,giraffe
C:\Users\206255\Desktop\Saugata Paul\Classification-pipeline-for-transfer-learning\data/giraffe/giraffe2522.jpg,giraffe
C:\Users\206255\Desktop\Saugata Paul\Classification-pipeline-for-transfer-learning\data/giraffe/giraffe2523.jpg,giraffe
C:\Users\206255\Desktop\Saugata Paul\Classification-pipeline-for-transfer-learning\data/giraffe/giraffe2524.jpg,giraffe
C:\Users\206255\Desktop\Saugata Paul\Classification-pipeline-for-transfer-learning\data/giraffe/giraffe2525.jpg,giraffe
C:\Users\206255\Desktop\Saugata Paul\Classification-pipeline-for-transfer-learning\data/giraffe/giraffe2526.jpg,giraffe
C:\Users\206255\Desktop\Saugata Paul\Classification-pipeline-for-transfer-learning\data/giraffe/giraffe2527.jpg,giraffe
C:\Users\206255\Desktop\Saugata Paul\Classification-pipeline-for-transfer-learning\data/giraffe/giraffe2528.jpg,giraffe
C:\Users\206255\Desktop\Saugata Paul\Classification-pipeline-for-transfer-learning\data/giraffe/giraffe2529.jpg,giraffe
C:\Users\206255\Desktop\Saugata Paul\Classification-pipeline-for-transfer-learning\data/giraffe/giraffe2530.jpg,giraffe
C:\Users\206255\Desktop\Saugata Paul\Classification-pipeline-for-transfer-learning\data/giraffe/giraffe2531.jpg,giraffe
C:\Users\206255\Desktop\Saugata Paul\Classification-pipeline-for-transfer-learning\data/giraffe/giraffe2532.jpg,giraffe
C:\Users\206255\Desktop\Saugata Paul\Classification-pipeline-for-transfer-learning\data/giraffe/giraffe2533.jpg,giraffe
C:\Users\206255\Desktop\Saugata Paul\Classification-pipeline-for-transfer-learning\data/giraffe/giraffe2534.jpg,giraffe
C:\Users\206255\Desktop\Saugata Paul\Classification-pipeline-for-transfer-learning\data/giraffe/giraffe2535.jpg,giraffe
C:\Users\206255\Desktop\Saugata Paul\Classification-pipeline-for-transfer-learning\data/giraffe/giraffe2536.jpg,giraffe
C:\Users\206255\Desktop\Saugata Paul\Classification-pipeline-for-transfer-learning\data/giraffe/giraffe2537.jpg,giraffe
C:\Users\206255\Desktop\Saugata Paul\Classification-pipeline-for-transfer-learning\data/giraffe/giraffe2538.jpg,giraffe
C:\Users\206255\Desktop\Saugata Paul\Classification-pipeline-for-transfer-learning\data/giraffe/giraffe2539.jpg,giraffe
C:\Users\206255\Desktop\Saugata Paul\Classification-pipeline-for-transfer-learning\data/giraffe/giraffe2540.jpg,giraffe
C:\Users\206255\Desktop\Saugata Paul\Classification-pipeline-for-transfer-learning\data/giraffe/giraffe2541.jpg,giraffe
C:\Users\206255\Desktop\Saugata Paul\Classification-pipeline-for-transfer-learning\data/giraffe/giraffe2542.jpg,giraffe
C:\Users\206255\Desktop\Saugata Paul\Classification-pipeline-for-transfer-learning\data/giraffe/giraffe2543.jpg,giraffe
C:\Users\206255\Desktop\Saugata Paul\Classification-pipeline-for-transfer-learning\data/giraffe/giraffe2544.jpg,giraffe
C:\Users\206255\Desktop\Saugata Paul\Classification-pipeline-for-transfer-learning\data/giraffe/giraffe2545.jpg,giraffe
C:\Users\206255\Desktop\Saugata Paul\Classification-pipeline-for-transfer-learning\data/giraffe/giraffe2546.jpg,giraffe
C:\Users\206255\Desktop\Saugata Paul\Classification-pipeline-for-transfer-learning\data/giraffe/giraffe2547.jpg,giraffe
C:\Users\206255\Desktop\Saugata Paul\Classification-pipeline-for-transfer-learning\data/giraffe/giraffe2548.jpg,giraffe
C:\Users\206255\Desktop\Saugata Paul\Classification-pipeline-for-transfer-learning\data/giraffe/giraffe2549.jpg,giraffe
C:\Users\206255\Desktop\Saugata Paul\Classification-pipeline-for-transfer-learning\data/giraffe/giraffe2550.jpg,giraffe
C:\Users\206255\Desktop\Saugata Paul\Classification-pipeline-for-transfer-learning\data/horse/horse2451.jpg,horse
C:\Users\206255\Desktop\Saugata Paul\Classification-pipeline-for-transfer-learning\data/horse/horse2452.jpg,horse
C:\Users\206255\Desktop\Saugata Paul\Classification-pipeline-for-transfer-learning\data/horse/horse2453.jpg,horse
C:\Users\206255\Desktop\Saugata Paul\Classification-pipeline-for-transfer-learning\data/horse/horse2454.jpg,horse
C:\Users\206255\Desktop\Saugata Paul\Classification-pipeline-for-transfer-learning\data/horse/horse2455.jpg,horse
C:\Users\206255\Desktop\Saugata Paul\Classification-pipeline-for-transfer-learning\data/horse/horse2456.jpg,horse
C:\Users\206255\Desktop\Saugata Paul\Classification-pipeline-for-transfer-learning\data/horse/horse2457.jpg,horse
C:\Users\206255\Desktop\Saugata Paul\Classification-pipeline-for-transfer-learning\data/horse/horse2458.jpg,horse
C:\Users\206255\Desktop\Saugata Paul\Classification-pipeline-for-transfer-learning\data/horse/horse2459.jpg,horse
C:\Users\206255\Desktop\Saugata Paul\Classification-pipeline-for-transfer-learning\data/horse/horse2460.jpg,horse
C:\Users\206255\Desktop\Saugata Paul\Classification-pipeline-for-transfer-learning\data/horse/horse2461.jpg,horse
C:\Users\206255\Desktop\Saugata Paul\Classification-pipeline-for-transfer-learning\data/horse/horse2462.jpg,horse
C:\Users\206255\Desktop\Saugata Paul\Classification-pipeline-for-transfer-learning\data/horse/horse2463.jpg,horse
C:\Users\206255\Desktop\Saugata Paul\Classification-pipeline-for-transfer-learning\data/horse/horse2464.jpg,horse
C:\Users\206255\Desktop\Saugata Paul\Classification-pipeline-for-transfer-learning\data/horse/horse2465.jpg,horse
C:\Users\206255\Desktop\Saugata Paul\Classification-pipeline-for-transfer-learning\data/horse/horse2466.jpg,horse
C:\Users\206255\Desktop\Saugata Paul\Classification-pipeline-for-transfer-learning\data/horse/horse2467.jpg,horse
C:\Users\206255\Desktop\Saugata Paul\Classification-pipeline-for-transfer-learning\data/horse/horse2468.jpg,horse
C:\Users\206255\Desktop\Saugata Paul\Classification-pipeline-for-transfer-learning\data/horse/horse2469.jpg,horse
C:\Users\206255\Desktop\Saugata Paul\Classification-pipeline-for-transfer-learning\data/horse/horse2470.jpg,horse
C:\Users\206255\Desktop\Saugata Paul\Classification-pipeline-for-transfer-learning\data/horse/horse2471.jpg,horse
C:\Users\206255\Desktop\Saugata Paul\Classification-pipeline-for-transfer-learning\data/horse/horse2472.jpg,horse
C:\Users\206255\Desktop\Saugata Paul\Classification-pipeline-for-transfer-learning\data/horse/horse2473.jpg,horse
C:\Users\206255\Desktop\Saugata Paul\Classification-pipeline-for-transfer-learning\data/horse/horse2474.jpg,horse
C:\Users\206255\Desktop\Saugata Paul\Classification-pipeline-for-transfer-learning\data/horse/horse2475.jpg,horse
C:\Users\206255\Desktop\Saugata Paul\Classification-pipeline-for-transfer-learning\data/horse/horse2476.jpg,horse
C:\Users\206255\Desktop\Saugata Paul\Classification-pipeline-for-transfer-learning\data/horse/horse2477.jpg,horse
C:\Users\206255\Desktop\Saugata Paul\Classification-pipeline-for-transfer-learning\data/horse/horse2478.jpg,horse
C:\Users\206255\Desktop\Saugata Paul\Classification-pipeline-for-transfer-learning\data/horse/horse2479.jpg,horse
C:\Users\206255\Desktop\Saugata Paul\Classification-pipeline-for-transfer-learning\data/horse/horse2480.jpg,horse
C:\Users\206255\Desktop\Saugata Paul\Classification-pipeline-for-transfer-learning\data/horse/horse2481.jpg,horse
C:\Users\206255\Desktop\Saugata Paul\Classification-pipeline-for-transfer-learning\data/horse/horse2482.jpg,horse
C:\Users\206255\Desktop\Saugata Paul\Classification-pipeline-for-transfer-learning\data/horse/horse2483.jpg,horse
C:\Users\206255\Desktop\Saugata Paul\Classification-pipeline-for-transfer-learning\data/horse/horse2484.jpg,horse
C:\Users\206255\Desktop\Saugata Paul\Classification-pipeline-for-transfer-learning\data/horse/horse2485.jpg,horse
C:\Users\206255\Desktop\Saugata Paul\Classification-pipeline-for-transfer-learning\data/horse/horse2486.jpg,horse
C:\Users\206255\Desktop\Saugata Paul\Classification-pipeline-for-transfer-learning\data/horse/horse2487.jpg,horse
C:\Users\206255\Desktop\Saugata Paul\Classification-pipeline-for-transfer-learning\data/horse/horse2488.jpg,horse
C:\Users\206255\Desktop\Saugata Paul\Classification-pipeline-for-transfer-learning\data/horse/horse2489.jpg,horse
C:\Users\206255\Desktop\Saugata Paul\Classification-pipeline-for-transfer-learning\data/horse/horse2490.jpg,horse
C:\Users\206255\Desktop\Saugata Paul\Classification-pipeline-for-transfer-learning\data/horse/horse2491.jpg,horse
C:\Users\206255\Desktop\Saugata Paul\Classification-pipeline-for-transfer-learning\data/horse/horse2492.jpg,horse
C:\Users\206255\Desktop\Saugata Paul\Classification-pipeline-for-transfer-learning\data/horse/horse2493.jpg,horse
C:\Users\206255\Desktop\Saugata Paul\Classification-pipeline-for-transfer-learning\data/horse/horse2494.jpg,horse
C:\Users\206255\Desktop\Saugata Paul\Classification-pipeline-for-transfer-learning\data/horse/horse2495.jpg,horse
C:\Users\206255\Desktop\Saugata Paul\Classification-pipeline-for-transfer-learning\data/horse/horse2496.jpg,horse
C:\Users\206255\Desktop\Saugata Paul\Classification-pipeline-for-transfer-learning\data/horse/horse2497.jpg,horse
C:\Users\206255\Desktop\Saugata Paul\Classification-pipeline-for-transfer-learning\data/horse/horse2498.jpg,horse
C:\Users\206255\Desktop\Saugata Paul\Classification-pipeline-for-transfer-learning\data/horse/horse2499.jpg,horse
C:\Users\206255\Desktop\Saugata Paul\Classification-pipeline-for-transfer-learning\data/horse/horse2500.jpg,horse
C:\Users\206255\Desktop\Saugata Paul\Classification-pipeline-for-transfer-learning\data/horse/horse2501.jpg,horse
C:\Users\206255\Desktop\Saugata Paul\Classification-pipeline-for-transfer-learning\data/horse/horse2502.jpg,horse
C:\Users\206255\Desktop\Saugata Paul\Classification-pipeline-for-transfer-learning\data/horse/horse2503.jpg,horse
C:\Users\206255\Desktop\Saugata Paul\Classification-pipeline-for-transfer-learning\data/horse/horse2504.jpg,horse
C:\Users\206255\Desktop\Saugata Paul\Classification-pipeline-for-transfer-learning\data/horse/horse2505.jpg,horse
C:\Users\206255\Desktop\Saugata Paul\Classification-pipeline-for-transfer-learning\data/horse/horse2506.jpg,horse
C:\Users\206255\Desktop\Saugata Paul\Classification-pipeline-for-transfer-learning\data/horse/horse2507.jpg,horse
C:\Users\206255\Desktop\Saugata Paul\Classification-pipeline-for-transfer-learning\data/horse/horse2508.jpg,horse
C:\Users\206255\Desktop\Saugata Paul\Classification-pipeline-for-transfer-learning\data/horse/horse2509.jpg,horse
C:\Users\206255\Desktop\Saugata Paul\Classification-pipeline-for-transfer-learning\data/horse/horse2510.jpg,horse
C:\Users\206255\Desktop\Saugata Paul\Classification-pipeline-for-transfer-learning\data/horse/horse2511.jpg,horse
C:\Users\206255\Desktop\Saugata Paul\Classification-pipeline-for-transfer-learning\data/horse/horse2512.jpg,horse
C:\Users\206255\Desktop\Saugata Paul\Classification-pipeline-for-transfer-learning\data/horse/horse2513.jpg,horse
C:\Users\206255\Desktop\Saugata Paul\Classification-pipeline-for-transfer-learning\data/horse/horse2514.jpg,horse
C:\Users\206255\Desktop\Saugata Paul\Classification-pipeline-for-transfer-learning\data/horse/horse2515.jpg,horse
C:\Users\206255\Desktop\Saugata Paul\Classification-pipeline-for-transfer-learning\data/horse/horse2516.jpg,horse
C:\Users\206255\Desktop\Saugata Paul\Classification-pipeline-for-transfer-learning\data/horse/horse2517.jpg,horse
C:\Users\206255\Desktop\Saugata Paul\Classification-pipeline-for-transfer-learning\data/horse/horse2518.jpg,horse
C:\Users\206255\Desktop\Saugata Paul\Classification-pipeline-for-transfer-learning\data/horse/horse2519.jpg,horse
C:\Users\206255\Desktop\Saugata Paul\Classification-pipeline-for-transfer-learning\data/horse/horse2520.jpg,horse
C:\Users\206255\Desktop\Saugata Paul\Classification-pipeline-for-transfer-learning\data/horse/horse2521.jpg,horse
C:\Users\206255\Desktop\Saugata Paul\Classification-pipeline-for-transfer-learning\data/horse/horse2522.jpg,horse
C:\Users\206255\Desktop\Saugata Paul\Classification-pipeline-for-transfer-learning\data/horse/horse2523.jpg,horse
C:\Users\206255\Desktop\Saugata Paul\Classification-pipeline-for-transfer-learning\data/horse/horse2524.jpg,horse
C:\Users\206255\Desktop\Saugata Paul\Classification-pipeline-for-transfer-learning\data/horse/horse2525.jpg,horse
C:\Users\206255\Desktop\Saugata Paul\Classification-pipeline-for-transfer-learning\data/horse/horse2526.jpg,horse
C:\Users\206255\Desktop\Saugata Paul\Classification-pipeline-for-transfer-learning\data/horse/horse2527.jpg,horse
C:\Users\206255\Desktop\Saugata Paul\Classification-pipeline-for-transfer-learning\data/horse/horse2528.jpg,horse
C:\Users\206255\Desktop\Saugata Paul\Classification-pipeline-for-transfer-learning\data/horse/horse2529.jpg,horse
C:\Users\206255\Desktop\Saugata Paul\Classification-pipeline-for-transfer-learning\data/horse/horse2530.jpg,horse
C:\Users\206255\Desktop\Saugata Paul\Classification-pipeline-for-transfer-learning\data/horse/horse2531.jpg,horse
C:\Users\206255\Desktop\Saugata Paul\Classification-pipeline-for-transfer-learning\data/horse/horse2532.jpg,horse
C:\Users\206255\Desktop\Saugata Paul\Classification-pipeline-for-transfer-learning\data/horse/horse2533.jpg,horse
C:\Users\206255\Desktop\Saugata Paul\Classification-pipeline-for-transfer-learning\data/horse/horse2534.jpg,horse
C:\Users\206255\Desktop\Saugata Paul\Classification-pipeline-for-transfer-learning\data/horse/horse2535.jpg,horse
C:\Users\206255\Desktop\Saugata Paul\Classification-pipeline-for-transfer-learning\data/horse/horse2536.jpg,horse
C:\Users\206255\Desktop\Saugata Paul\Classification-pipeline-for-transfer-learning\data/horse/horse2537.jpg,horse
C:\Users\206255\Desktop\Saugata Paul\Classification-pipeline-for-transfer-learning\data/horse/horse2538.jpg,horse
C:\Users\206255\Desktop\Saugata Paul\Classification-pipeline-for-transfer-learning\data/horse/horse2539.jpg,horse
C:\Users\206255\Desktop\Saugata Paul\Classification-pipeline-for-transfer-learning\data/horse/horse2540.jpg,horse
C:\Users\206255\Desktop\Saugata Paul\Classification-pipeline-for-transfer-learning\data/horse/horse2541.jpg,horse
C:\Users\206255\Desktop\Saugata Paul\Classification-pipeline-for-transfer-learning\data/horse/horse2542.jpg,horse
C:\Users\206255\Desktop\Saugata Paul\Classification-pipeline-for-transfer-learning\data/horse/horse2543.jpg,horse
C:\Users\206255\Desktop\Saugata Paul\Classification-pipeline-for-transfer-learning\data/horse/horse2544.jpg,horse
C:\Users\206255\Desktop\Saugata Paul\Classification-pipeline-for-transfer-learning\data/horse/horse2545.jpg,horse
C:\Users\206255\Desktop\Saugata Paul\Classification-pipeline-for-transfer-learning\data/horse/horse2546.jpg,horse
C:\Users\206255\Desktop\Saugata Paul\Classification-pipeline-for-transfer-learning\data/horse/horse2547.jpg,horse
C:\Users\206255\Desktop\Saugata Paul\Classification-pipeline-for-transfer-learning\data/horse/horse2548.jpg,horse
C:\Users\206255\Desktop\Saugata Paul\Classification-pipeline-for-transfer-learning\data/horse/horse2549.jpg,horse
C:\Users\206255\Desktop\Saugata Paul\Classification-pipeline-for-transfer-learning\data/horse/horse2550.jpg,horse
C:\Users\206255\Desktop\Saugata Paul\Classification-pipeline-for-transfer-learning\data/tiger/tiger2451.jpg,tiger
C:\Users\206255\Desktop\Saugata Paul\Classification-pipeline-for-transfer-learning\data/tiger/tiger2452.jpg,tiger
C:\Users\206255\Desktop\Saugata Paul\Classification-pipeline-for-transfer-learning\data/tiger/tiger2453.jpg,tiger
C:\Users\206255\Desktop\Saugata Paul\Classification-pipeline-for-transfer-learning\data/tiger/tiger2454.jpg,tiger
C:\Users\206255\Desktop\Saugata Paul\Classification-pipeline-for-transfer-learning\data/tiger/tiger2455.jpg,tiger
C:\Users\206255\Desktop\Saugata Paul\Classification-pipeline-for-transfer-learning\data/tiger/tiger2456.jpg,tiger
C:\Users\206255\Desktop\Saugata Paul\Classification-pipeline-for-transfer-learning\data/tiger/tiger2457.jpg,tiger
C:\Users\206255\Desktop\Saugata Paul\Classification-pipeline-for-transfer-learning\data/tiger/tiger2458.jpg,tiger
C:\Users\206255\Desktop\Saugata Paul\Classification-pipeline-for-transfer-learning\data/tiger/tiger2459.jpg,tiger
C:\Users\206255\Desktop\Saugata Paul\Classification-pipeline-for-transfer-learning\data/tiger/tiger2460.jpg,tiger
C:\Users\206255\Desktop\Saugata Paul\Classification-pipeline-for-transfer-learning\data/tiger/tiger2461.jpg,tiger
C:\Users\206255\Desktop\Saugata Paul\Classification-pipeline-for-transfer-learning\data/tiger/tiger2462.jpg,tiger
C:\Users\206255\Desktop\Saugata Paul\Classification-pipeline-for-transfer-learning\data/tiger/tiger2463.jpg,tiger
C:\Users\206255\Desktop\Saugata Paul\Classification-pipeline-for-transfer-learning\data/tiger/tiger2464.jpg,tiger
C:\Users\206255\Desktop\Saugata Paul\Classification-pipeline-for-transfer-learning\data/tiger/tiger2465.jpg,tiger
C:\Users\206255\Desktop\Saugata Paul\Classification-pipeline-for-transfer-learning\data/tiger/tiger2466.jpg,tiger
C:\Users\206255\Desktop\Saugata Paul\Classification-pipeline-for-transfer-learning\data/tiger/tiger2467.jpg,tiger
C:\Users\206255\Desktop\Saugata Paul\Classification-pipeline-for-transfer-learning\data/tiger/tiger2468.jpg,tiger
C:\Users\206255\Desktop\Saugata Paul\Classification-pipeline-for-transfer-learning\data/tiger/tiger2469.jpg,tiger
C:\Users\206255\Desktop\Saugata Paul\Classification-pipeline-for-transfer-learning\data/tiger/tiger2470.jpg,tiger
C:\Users\206255\Desktop\Saugata Paul\Classification-pipeline-for-transfer-learning\data/tiger/tiger2471.jpg,tiger
C:\Users\206255\Desktop\Saugata Paul\Classification-pipeline-for-transfer-learning\data/tiger/tiger2472.jpg,tiger
C:\Users\206255\Desktop\Saugata Paul\Classification-pipeline-for-transfer-learning\data/tiger/tiger2473.jpg,tiger
C:\Users\206255\Desktop\Saugata Paul\Classification-pipeline-for-transfer-learning\data/tiger/tiger2474.jpg,tiger
C:\Users\206255\Desktop\Saugata Paul\Classification-pipeline-for-transfer-learning\data/tiger/tiger2475.jpg,tiger
C:\Users\206255\Desktop\Saugata Paul\Classification-pipeline-for-transfer-learning\data/tiger/tiger2476.jpg,tiger
C:\Users\206255\Desktop\Saugata Paul\Classification-pipeline-for-transfer-learning\data/tiger/tiger2477.jpg,tiger
C:\Users\206255\Desktop\Saugata Paul\Classification-pipeline-for-transfer-learning\data/tiger/tiger2478.jpg,tiger
C:\Users\206255\Desktop\Saugata Paul\Classification-pipeline-for-transfer-learning\data/tiger/tiger2479.jpg,tiger
C:\Users\206255\Desktop\Saugata Paul\Classification-pipeline-for-transfer-learning\data/tiger/tiger2480.jpg,tiger
C:\Users\206255\Desktop\Saugata Paul\Classification-pipeline-for-transfer-learning\data/tiger/tiger2481.jpg,tiger
C:\Users\206255\Desktop\Saugata Paul\Classification-pipeline-for-transfer-learning\data/tiger/tiger2482.jpg,tiger
C:\Users\206255\Desktop\Saugata Paul\Classification-pipeline-for-transfer-learning\data/tiger/tiger2483.jpg,tiger
C:\Users\206255\Desktop\Saugata Paul\Classification-pipeline-for-transfer-learning\data/tiger/tiger2484.jpg,tiger
C:\Users\206255\Desktop\Saugata Paul\Classification-pipeline-for-transfer-learning\data/tiger/tiger2485.jpg,tiger
C:\Users\206255\Desktop\Saugata Paul\Classification-pipeline-for-transfer-learning\data/tiger/tiger2486.jpg,tiger
C:\Users\206255\Desktop\Saugata Paul\Classification-pipeline-for-transfer-learning\data/tiger/tiger2487.jpg,tiger
C:\Users\206255\Desktop\Saugata Paul\Classification-pipeline-for-transfer-learning\data/tiger/tiger2488.jpg,tiger
C:\Users\206255\Desktop\Saugata Paul\Classification-pipeline-for-transfer-learning\data/tiger/tiger2489.jpg,tiger
C:\Users\206255\Desktop\Saugata Paul\Classification-pipeline-for-transfer-learning\data/tiger/tiger2490.jpg,tiger
C:\Users\206255\Desktop\Saugata Paul\Classification-pipeline-for-transfer-learning\data/tiger/tiger2491.jpg,tiger
C:\Users\206255\Desktop\Saugata Paul\Classification-pipeline-for-transfer-learning\data/tiger/tiger2492.jpg,tiger
C:\Users\206255\Desktop\Saugata Paul\Classification-pipeline-for-transfer-learning\data/tiger/tiger2493.jpg,tiger
C:\Users\206255\Desktop\Saugata Paul\Classification-pipeline-for-transfer-learning\data/tiger/tiger2494.jpg,tiger
C:\Users\206255\Desktop\Saugata Paul\Classification-pipeline-for-transfer-learning\data/tiger/tiger2495.jpg,tiger
C:\Users\206255\Desktop\Saugata Paul\Classification-pipeline-for-transfer-learning\data/tiger/tiger2496.jpg,tiger
C:\Users\206255\Desktop\Saugata Paul\Classification-pipeline-for-transfer-learning\data/tiger/tiger2497.jpg,tiger
C:\Users\206255\Desktop\Saugata Paul\Classification-pipeline-for-transfer-learning\data/tiger/tiger2498.jpg,tiger
C:\Users\206255\Desktop\Saugata Paul\Classification-pipeline-for-transfer-learning\data/tiger/tiger2499.jpg,tiger
C:\Users\206255\Desktop\Saugata Paul\Classification-pipeline-for-transfer-learning\data/tiger/tiger2500.jpg,tiger
C:\Users\206255\Desktop\Saugata Paul\Classification-pipeline-for-transfer-learning\data/tiger/tiger2501.jpg,tiger
C:\Users\206255\Desktop\Saugata Paul\Classification-pipeline-for-transfer-learning\data/tiger/tiger2502.jpg,tiger
C:\Users\206255\Desktop\Saugata Paul\Classification-pipeline-for-transfer-learning\data/tiger/tiger2503.jpg,tiger
C:\Users\206255\Desktop\Saugata Paul\Classification-pipeline-for-transfer-learning\data/tiger/tiger2504.jpg,tiger
C:\Users\206255\Desktop\Saugata Paul\Classification-pipeline-for-transfer-learning\data/tiger/tiger2505.jpg,tiger
C:\Users\206255\Desktop\Saugata Paul\Classification-pipeline-for-transfer-learning\data/tiger/tiger2506.jpg,tiger
C:\Users\206255\Desktop\Saugata Paul\Classification-pipeline-for-transfer-learning\data/tiger/tiger2507.jpg,tiger
C:\Users\206255\Desktop\Saugata Paul\Classification-pipeline-for-transfer-learning\data/tiger/tiger2508.jpg,tiger
C:\Users\206255\Desktop\Saugata Paul\Classification-pipeline-for-transfer-learning\data/tiger/tiger2509.jpg,tiger
C:\Users\206255\Desktop\Saugata Paul\Classification-pipeline-for-transfer-learning\data/tiger/tiger2510.jpg,tiger
C:\Users\206255\Desktop\Saugata Paul\Classification-pipeline-for-transfer-learning\data/tiger/tiger2511.jpg,tiger
C:\Users\206255\Desktop\Saugata Paul\Classification-pipeline-for-transfer-learning\data/tiger/tiger2512.jpg,tiger
C:\Users\206255\Desktop\Saugata Paul\Classification-pipeline-for-transfer-learning\data/tiger/tiger2513.jpg,tiger
C:\Users\206255\Desktop\Saugata Paul\Classification-pipeline-for-transfer-learning\data/tiger/tiger2514.jpg,tiger
C:\Users\206255\Desktop\Saugata Paul\Classification-pipeline-for-transfer-learning\data/tiger/tiger2515.jpg,tiger
C:\Users\206255\Desktop\Saugata Paul\Classification-pipeline-for-transfer-learning\data/tiger/tiger2516.jpg,tiger
C:\Users\206255\Desktop\Saugata Paul\Classification-pipeline-for-transfer-learning\data/tiger/tiger2517.jpg,tiger
C:\Users\206255\Desktop\Saugata Paul\Classification-pipeline-for-transfer-learning\data/tiger/tiger2518.jpg,tiger
C:\Users\206255\Desktop\Saugata Paul\Classification-pipeline-for-transfer-learning\data/tiger/tiger2519.jpg,tiger
C:\Users\206255\Desktop\Saugata Paul\Classification-pipeline-for-transfer-learning\data/tiger/tiger2520.jpg,tiger
C:\Users\206255\Desktop\Saugata Paul\Classification-pipeline-for-transfer-learning\data/tiger/tiger2521.jpg,tiger
C:\Users\206255\Desktop\Saugata Paul\Classification-pipeline-for-transfer-learning\data/tiger/tiger2522.jpg,tiger
C:\Users\206255\Desktop\Saugata Paul\Classification-pipeline-for-transfer-learning\data/tiger/tiger2523.jpg,tiger
C:\Users\206255\Desktop\Saugata Paul\Classification-pipeline-for-transfer-learning\data/tiger/tiger2524.jpg,tiger
C:\Users\206255\Desktop\Saugata Paul\Classification-pipeline-for-transfer-learning\data/tiger/tiger2525.jpg,tiger
C:\Users\206255\Desktop\Saugata Paul\Classification-pipeline-for-transfer-learning\data/tiger/tiger2526.jpg,tiger
C:\Users\206255\Desktop\Saugata Paul\Classification-pipeline-for-transfer-learning\data/tiger/tiger2527.jpg,tiger
C:\Users\206255\Desktop\Saugata Paul\Classification-pipeline-for-transfer-learning\data/tiger/tiger2528.jpg,tiger
C:\Users\206255\Desktop\Saugata Paul\Classification-pipeline-for-transfer-learning\data/tiger/tiger2529.jpg,tiger
C:\Users\206255\Desktop\Saugata Paul\Classification-pipeline-for-transfer-learning\data/tiger/tiger2530.jpg,tiger
C:\Users\206255\Desktop\Saugata Paul\Classification-pipeline-for-transfer-learning\data/tiger/tiger2531.jpg,tiger
C:\Users\206255\Desktop\Saugata Paul\Classification-pipeline-for-transfer-learning\data/tiger/tiger2532.jpg,tiger
C:\Users\206255\Desktop\Saugata Paul\Classification-pipeline-for-transfer-learning\data/tiger/tiger2533.jpg,tiger
C:\Users\206255\Desktop\Saugata Paul\Classification-pipeline-for-transfer-learning\data/tiger/tiger2534.jpg,tiger
C:\Users\206255\Desktop\Saugata Paul\Classification-pipeline-for-transfer-learning\data/tiger/tiger2535.jpg,tiger
C:\Users\206255\Desktop\Saugata Paul\Classification-pipeline-for-transfer-learning\data/tiger/tiger2536.jpg,tiger
C:\Users\206255\Desktop\Saugata Paul\Classification-pipeline-for-transfer-learning\data/tiger/tiger2537.jpg,tiger
C:\Users\206255\Desktop\Saugata Paul\Classification-pipeline-for-transfer-learning\data/tiger/tiger2538.jpg,tiger
C:\Users\206255\Desktop\Saugata Paul\Classification-pipeline-for-transfer-learning\data/tiger/tiger2539.jpg,tiger
C:\Users\206255\Desktop\Saugata Paul\Classification-pipeline-for-transfer-learning\data/tiger/tiger2540.jpg,tiger
C:\Users\206255\Desktop\Saugata Paul\Classification-pipeline-for-transfer-learning\data/tiger/tiger2541.jpg,tiger
C:\Users\206255\Desktop\Saugata Paul\Classification-pipeline-for-transfer-learning\data/tiger/tiger2542.jpg,tiger
C:\Users\206255\Desktop\Saugata Paul\Classification-pipeline-for-transfer-learning\data/tiger/tiger2543.jpg,tiger
C:\Users\206255\Desktop\Saugata Paul\Classification-pipeline-for-transfer-learning\data/tiger/tiger2544.jpg,tiger
C:\Users\206255\Desktop\Saugata Paul\Classification-pipeline-for-transfer-learning\data/tiger/tiger2545.jpg,tiger
C:\Users\206255\Desktop\Saugata Paul\Classification-pipeline-for-transfer-learning\data/tiger/tiger2546.jpg,tiger
C:\Users\206255\Desktop\Saugata Paul\Classification-pipeline-for-transfer-learning\data/tiger/tiger2547.jpg,tiger
C:\Users\206255\Desktop\Saugata Paul\Classification-pipeline-for-transfer-learning\data/tiger/tiger2548.jpg,tiger
C:\Users\206255\Desktop\Saugata Paul\Classification-pipeline-for-transfer-learning\data/tiger/tiger2549.jpg,tiger
C:\Users\206255\Desktop\Saugata Paul\Classification-pipeline-for-transfer-learning\data/tiger/tiger2550.jpg,tiger
